Estados BR,W,X,Y,Z
PE,-0.14235884270194815,2.0572217375814947,0.2832619411060342,1.329811978256545
PR,-0.1546218510474288,-0.06903085913008591,0.7551804850779186,0.8256466485126221
MG,-0.11306920970132295,-2.367837594728107,-0.167049432606533,0.6853979675127337
RN,0.02350010848492948,0.4562012794911179,0.2704927820664171,-1.4350081438664337
SC,0.8828171461847689,-0.5800816639402705,-0.5015653039496065,0.5909532944575228
